Name,Coef.,Std. Error,t,Pr(>|t|),Lower 95%,Upper 95%
(Intercept),0.9340909090909103,0.01637776374276607,57.03409352839706,8.60284e-318,0.9019524923269227,0.966229325854898
Language: English,-0.3409090909090922,0.02316165560636212,-14.718684048451623,1.4526932731110284e-44,-0.38635967576992236,-0.29545850604826207
Language: French,-0.33409090909091027,0.023161655606362117,-14.424310367482587,5.106001563258399e-43,-0.3795414939517404,-0.2886403242300801
Language: Spanish,-0.32045454545454655,0.023161655606362113,-13.835563005544524,5.475503655145228e-40,-0.3659051303153767,-0.2750039605937164
Group: TD,0.01208964646464525,0.02175155021364397,0.5558061998294654,0.5784666869443809,-0.030593860087808435,0.05477315301709893
Language: English & Group: TD,0.29229797979798117,0.03076133731477469,9.502121991867703,1.447526181545666e-20,0.2319343859418603,0.352661573654102
Language: French & Group: TD,0.2646464646464659,0.03076133731477469,8.603217146848685,2.9332656520211666e-17,0.20428287079034504,0.32501005850258674
Language: Spanish & Group: TD,0.24580176767676878,0.030761337314774685,7.990607338085724,3.653027151704313e-15,0.18543817382064792,0.30616536153288965
