Name,Coef.,Std. Error,t,Pr(>|t|),Lower 95%,Upper 95%
(Intercept),0.5931818181818193,0.01637776374276607,36.21873092679231,1.2048446230075823e-184,0.5610434014178316,0.6253202349458069
Language: French,0.006818181818180781,0.023161655606362123,0.29437368096898653,0.7685329847630655,-0.03863240304264936,0.05226876667901092
Language: Mandarin,0.34090909090908994,0.023161655606362117,14.718684048451525,1.452693273112738e-44,0.2954585060482598,0.3863596757699201
Language: Spanish,0.020454545454544417,0.023161655606362117,0.8831210429070493,0.377381439847576,-0.024996039406285708,0.06590513031537454
Group: TD,0.3043876262626253,0.02175155021364397,13.993835992052365,8.550519690348898e-41,0.2617041197101716,0.34707113281507895
Language: French & Group: TD,-0.027651515151514112,0.030761337314774692,-0.89890484501898,0.368918020250375,-0.08801510900763497,0.03271207870460674
Language: Mandarin & Group: TD,-0.2922979797979788,0.030761337314774692,-9.502121991867625,1.4475261815466236e-20,-0.3526615736540996,-0.23193438594185792
Language: Spanish & Group: TD,-0.046496212121211085,0.03076133731477469,-1.5115146537819384,0.13097080049848908,-0.10685980597733194,0.013867381734909763
